id,pm25,pm10,o3,no2,so2,co,t,p,h,w,time,dew,wg,aqi
1257,162,-1,4,1,5,0,26,1005,88,3,1713956400,24,16,162
1273,151,-1,4,1,4,0,30,1007,74,2,1714014000,25,16,151
1289,134,-1,4,1,4,0,28,1001,94,2,1714075200,27,16,134
1305,153,-1,4,1,4,0,32,999,82,4,1714132800,29,16,153
1321,95,-1,4,1,4,0,27,1009,91,4,1714712400,25,-1,95
1337,82,-1,-1,-1,-1,-1,25,1006,94,2,1714773600,24,-1,82
1353,114,-1,-1,-1,-1,-1,27,1004,88,4,1714831200,25,-1,114
1368,107,-1,-1,-1,-1,-1,27,1010,69,4,1714885200,21,-1,107
1384,158,-1,-1,-1,-1,-1,26,1012,88,0,1714953600,24,-1,158
1400,114,-1,-1,-1,-1,-1,25,1013,94,2,1715011200,24,-1,114
1416,151,-1,-1,-1,-1,-1,30,1011,74,2,1715072400,25,-1,151
1432,156,-1,-1,-1,-1,-1,28,1014,86,4,1715133600,26,-1,156
1448,72,-1,-1,-1,-1,-1,27,1012,83,2,1715191200,24,-1,72
1464,95,-1,4,1,4,0,26,1011,88,5,1715248800,24,9,95
1480,87,-1,3,1,4,0,28,1011,74,2,1715601600,23,9,87
1496,99,-1,3,1,4,0,30,1012,66,1,1715659200,23,9,99
1512,68,-1,4,1,4,0,26,1011,94,3,1715716800,25,9,68
1528,78,-1,4,1,5,0,25,1012,94,6,1715774400,24,9,78
1544,33,29,-1,-1,-1,-1,30,1014,62,4,1715824800,22,9,33
1560,33,29,-1,-1,-1,-1,30,1014,62,4,1715824800,22,9,33
1576,33,29,-1,-1,-1,-1,30,1014,62,4,1715824800,22,9,33
1592,33,29,-1,-1,-1,-1,30,1014,62,4,1715824800,22,9,33
1608,33,29,-1,-1,-1,-1,30,1014,62,4,1715824800,22,9,33
1624,33,29,-1,-1,-1,-1,30,1014,62,4,1715824800,22,9,33
1640,33,29,-1,-1,-1,-1,30,1014,62,4,1715824800,22,9,33
1656,33,29,-1,-1,-1,-1,30,1014,62,4,1715824800,22,9,33
1672,33,29,-1,-1,-1,-1,30,1014,62,4,1715824800,22,9,33
1688,33,29,-1,-1,-1,-1,30,1014,62,4,1715824800,22,9,33
1704,33,29,-1,-1,-1,-1,30,1014,62,4,1715824800,22,9,33
1720,33,29,-1,-1,-1,-1,30,1014,62,4,1715824800,22,9,33
1736,37,36,-1,-1,-1,-1,26,1012,83,3,1715860800,23,-1,37
1752,29,32,-1,-1,-1,-1,31,1010,58,3,1715922000,22,-1,32
1768,20,23,-1,-1,-1,-1,28,1006,89,3,1715986800,26,-1,23
1784,13,15,-1,-1,-1,-1,29,1003,88,4,1716044400,27,-1,15
1800,28,24,-1,-1,-1,-1,30,1000,79,5,1716105600,26,-1,28
1258,167,-1,4,1,5,0,26,1005,88,3,1713960000,24,16,167
1274,154,-1,4,1,4,0,31,1006,70,3,1714017600,25,16,154
1290,127,-1,4,1,4,0,28,1002,97,2,1714078800,27,16,127
1306,157,-1,4,1,4,0,31,1000,87,4,1714136400,28,16,157
1322,107,-1,4,1,4,0,27,1008,86,4,1714716000,25,-1,107
1338,80,-1,-1,-1,-1,-1,25,1006,97,2,1714777200,25,-1,80
1354,112,-1,-1,-1,-1,-1,27,1005,88,4,1714834800,25,-1,112
1369,97,-1,-1,-1,-1,-1,28,1009,67,4,1714888800,22,-1,97
1385,160,-1,-1,-1,-1,-1,25,1013,94,2,1714957200,24,-1,160
1401,114,-1,-1,-1,-1,-1,25,1012,88,3,1715014800,23,-1,114
1417,119,-1,-1,-1,-1,-1,29,1011,79,2,1715076000,25,-1,119
1433,124,-1,-1,-1,-1,-1,30,1013,81,4,1715137200,26,-1,124
1449,68,-1,4,1,4,0,27,1012,86,2,1715194800,24,-1,68
1465,102,-1,4,1,4,0,26,1011,86,4,1715252400,24,9,102
1481,124,-1,3,1,4,0,27,1012,83,2,1715605200,24,9,124
1497,107,-1,4,1,4,0,31,1012,64,1,1715662800,23,9,107
1513,78,-1,4,1,4,0,26,1011,94,3,1715720400,25,9,78
1529,102,-1,3,1,5,0,24,1014,100,2,1715778000,24,9,102
1545,33,29,-1,-1,-1,-1,30,1014,62,4,1715824800,22,9,33
1561,33,29,-1,-1,-1,-1,30,1014,62,4,1715824800,22,9,33
1577,33,29,-1,-1,-1,-1,30,1014,62,4,1715824800,22,9,33
1593,33,29,-1,-1,-1,-1,30,1014,62,4,1715824800,22,9,33
1609,33,29,-1,-1,-1,-1,30,1014,62,4,1715824800,22,9,33
1625,33,29,-1,-1,-1,-1,30,1014,62,4,1715824800,22,9,33
1641,33,29,-1,-1,-1,-1,30,1014,62,4,1715824800,22,9,33
1657,33,29,-1,-1,-1,-1,30,1014,62,4,1715824800,22,9,33
1673,33,29,-1,-1,-1,-1,30,1014,62,4,1715824800,22,9,33
1689,33,29,-1,-1,-1,-1,30,1014,62,4,1715824800,22,9,33
1705,33,29,-1,-1,-1,-1,30,1014,62,4,1715824800,22,9,33
1721,33,29,-1,-1,-1,-1,30,1014,62,4,1715824800,22,9,33
1737,34,34,-1,-1,-1,-1,26,1013,83,3,1715864400,23,-1,34
1753,21,25,-1,-1,-1,-1,31,1008,58,4,1715925600,22,-1,25
1769,20,23,-1,-1,-1,-1,28,1007,88,3,1715990400,26,-1,23
1785,11,13,-1,-1,-1,-1,29,1003,88,4,1716048000,27,-1,13
1801,33,29,-1,-1,-1,-1,28,1001,81,6,1716109200,24,-1,33
1259,169,-1,4,1,5,0,26,1005,88,4,1713963600,24,16,169
1275,147,-1,4,1,4,0,32,1005,70,3,1714021200,26,16,147
1291,147,-1,4,1,4,0,27,1002,94,2,1714082400,26,16,147
1307,160,-1,4,1,4,0,30,1000,89,4,1714140000,28,16,160
1323,76,-1,4,1,4,0,27,1008,83,4,1714719600,24,-1,76
1339,95,-1,-1,-1,-1,-1,26,1006,94,2,1714780800,25,-1,95
1355,134,-1,-1,-1,-1,-1,26,1006,94,4,1714838400,25,-1,134
1370,104,-1,-1,-1,-1,-1,29,1008,67,4,1714892400,22,-1,104
1386,147,-1,-1,-1,-1,-1,25,1014,94,4,1714960800,24,-1,147
1402,174,-1,-1,-1,-1,-1,25,1012,94,3,1715018400,24,-1,174
1418,122,-1,-1,-1,-1,-1,29,1011,79,2,1715079600,25,-1,122
1434,85,-1,-1,-1,-1,-1,30,1013,77,4,1715140800,26,-1,85
1450,70,-1,4,1,4,0,25,1012,94,5,1715198400,24,-1,70
1466,112,-1,4,1,5,0,26,1012,83,3,1715256000,23,9,112
1482,102,-1,3,1,4,0,27,1012,86,2,1715608800,24,9,102
1498,114,-1,4,1,4,0,31,1011,62,2,1715666400,23,9,114
1514,134,-1,4,1,4,0,26,1011,94,2,1715724000,25,9,134
1530,78,-1,3,1,4,0,25,1014,100,2,1715781600,25,9,78
1546,33,29,-1,-1,-1,-1,30,1014,62,4,1715824800,22,9,33
1562,33,29,-1,-1,-1,-1,30,1014,62,4,1715824800,22,9,33
1578,33,29,-1,-1,-1,-1,30,1014,62,4,1715824800,22,9,33
1594,33,29,-1,-1,-1,-1,30,1014,62,4,1715824800,22,9,33
1610,33,29,-1,-1,-1,-1,30,1014,62,4,1715824800,22,9,33
1626,33,29,-1,-1,-1,-1,30,1014,62,4,1715824800,22,9,33
1642,33,29,-1,-1,-1,-1,30,1014,62,4,1715824800,22,9,33
1658,33,29,-1,-1,-1,-1,30,1014,62,4,1715824800,22,9,33
1674,33,29,-1,-1,-1,-1,30,1014,62,4,1715824800,22,9,33
1690,33,29,-1,-1,-1,-1,30,1014,62,4,1715824800,22,9,33
1706,33,29,-1,-1,-1,-1,30,1014,62,4,1715824800,22,9,33
1722,33,29,-1,-1,-1,-1,30,1014,62,4,1715824800,22,9,33
1738,31,31,-1,-1,-1,-1,26,1013,83,2,1715868000,23,-1,31
1754,17,23,-1,-1,-1,-1,31,1007,60,5,1715929200,22,-1,23
1770,20,23,-1,-1,-1,-1,29,1006,83,4,1715994000,26,-1,23
1786,10,11,-1,-1,-1,-1,29,1002,88,4,1716051600,27,-1,11
1802,24,29,-1,-1,-1,-1,27,1003,83,3,1716112800,24,-1,29
1260,153,-1,4,1,4,0,26,1007,88,1,1713967200,24,16,153
1276,132,-1,4,1,4,0,33,1003,66,3,1714024800,26,16,132
1292,152,-1,4,1,4,0,27,1003,94,1,1714086000,26,16,152
1308,160,-1,4,1,4,0,29,1001,94,4,1714143600,28,16,160
1324,68,-1,4,1,4,0,27,1007,83,6,1714723200,24,-1,68
1340,132,-1,-1,-1,-1,-1,27,1007,94,2,1714784400,26,-1,132
1356,89,-1,-1,-1,-1,-1,27,1007,88,5,1714842000,25,-1,89
1371,95,-1,-1,-1,-1,-1,28,1007,69,3,1714896000,22,-1,95
1387,142,-1,-1,-1,-1,-1,24,1013,94,1,1714964400,23,-1,142
1403,119,-1,-1,-1,-1,-1,25,1011,94,2,1715022000,24,-1,119
1419,149,-1,-1,-1,-1,-1,28,1012,88,1,1715083200,26,-1,149
1435,99,-1,-1,-1,-1,-1,31,1013,74,3,1715144400,26,-1,99
1451,74,-1,4,1,4,0,24,1013,88,5,1715202000,22,-1,74
1467,151,-1,4,1,5,0,26,1012,89,2,1715259600,24,9,151
1483,85,-1,3,1,4,0,26,1013,88,2,1715612400,24,9,85
1499,137,-1,4,1,4,0,32,1010,59,2,1715670000,23,9,137
1515,117,-1,5,1,4,0,26,1012,94,2,1715727600,25,9,117
1531,80,-1,3,1,4,0,25,1014,100,3,1715785200,25,9,80
1547,33,29,-1,-1,-1,-1,30,1014,62,4,1715824800,22,9,33
1563,33,29,-1,-1,-1,-1,30,1014,62,4,1715824800,22,9,33
1579,33,29,-1,-1,-1,-1,30,1014,62,4,1715824800,22,9,33
1595,33,29,-1,-1,-1,-1,30,1014,62,4,1715824800,22,9,33
1611,33,29,-1,-1,-1,-1,30,1014,62,4,1715824800,22,9,33
1627,33,29,-1,-1,-1,-1,30,1014,62,4,1715824800,22,9,33
1643,33,29,-1,-1,-1,-1,30,1014,62,4,1715824800,22,9,33
1659,33,29,-1,-1,-1,-1,30,1014,62,4,1715824800,22,9,33
1675,33,29,-1,-1,-1,-1,30,1014,62,4,1715824800,22,9,33
1691,33,29,-1,-1,-1,-1,30,1014,62,4,1715824800,22,9,33
1707,33,29,-1,-1,-1,-1,30,1014,62,4,1715824800,22,9,33
1723,33,29,-1,-1,-1,-1,30,1014,62,4,1715824800,22,9,33
1739,30,29,-1,-1,-1,-1,26,1013,83,2,1715871600,23,-1,30
1755,16,23,-1,-1,-1,-1,29,1007,65,5,1715936400,22,-1,23
1771,20,23,-1,-1,-1,-1,30,1006,79,4,1715997600,26,-1,23
1787,9,10,-1,-1,-1,-1,29,1001,88,3,1716055200,27,-1,10
1803,18,21,-1,-1,-1,-1,27,1004,89,1,1716116400,25,-1,21
1261,154,-1,4,1,4,0,25,1005,94,4,1713970800,24,16,154
1277,107,-1,4,1,4,0,34,1002,66,4,1714028400,27,16,107
1293,162,-1,4,1,4,0,28,1003,94,2,1714089600,27,16,162
1309,162,-1,4,1,4,0,29,1001,91,4,1714147200,27,16,162
1325,65,-1,4,1,4,0,27,1006,78,5,1714726800,23,-1,65
1341,117,-1,-1,-1,-1,-1,29,1007,86,3,1714788000,26,-1,117
1357,89,-1,-1,-1,-1,-1,27,1006,83,5,1714845600,24,-1,89
1372,114,-1,-1,-1,-1,-1,28,1007,69,3,1714899600,22,-1,114
1388,93,-1,-1,-1,-1,-1,25,1013,94,2,1714968000,24,-1,93
1404,112,-1,-1,-1,-1,-1,25,1011,94,2,1715025600,24,-1,112
1420,149,-1,-1,-1,-1,-1,28,1012,83,3,1715086800,25,-1,149
1436,76,-1,-1,-1,-1,-1,28,1012,87,5,1715148000,25,-1,76
1452,74,-1,4,1,4,0,24,1013,91,4,1715205600,22,-1,74
1468,119,-1,4,1,5,0,26,1014,91,2,1715263200,24,9,119
1484,95,-1,3,1,4,0,26,1013,88,2,1715616000,24,9,95
1500,129,-1,5,1,4,0,32,1009,61,2,1715673600,24,9,129
1516,127,-1,5,1,4,0,27,1013,88,2,1715731200,25,9,127
1532,85,-1,3,1,4,0,25,1015,100,3,1715788800,25,9,85
1548,33,29,-1,-1,-1,-1,30,1014,62,4,1715824800,22,9,33
1564,33,29,-1,-1,-1,-1,30,1014,62,4,1715824800,22,9,33
1580,33,29,-1,-1,-1,-1,30,1014,62,4,1715824800,22,9,33
1596,33,29,-1,-1,-1,-1,30,1014,62,4,1715824800,22,9,33
1612,33,29,-1,-1,-1,-1,30,1014,62,4,1715824800,22,9,33
1628,33,29,-1,-1,-1,-1,30,1014,62,4,1715824800,22,9,33
1644,33,29,-1,-1,-1,-1,30,1014,62,4,1715824800,22,9,33
1660,33,29,-1,-1,-1,-1,30,1014,62,4,1715824800,22,9,33
1676,33,29,-1,-1,-1,-1,30,1014,62,4,1715824800,22,9,33
1692,33,29,-1,-1,-1,-1,30,1014,62,4,1715824800,22,9,33
1708,33,29,-1,-1,-1,-1,30,1014,62,4,1715824800,22,9,33
1724,33,29,-1,-1,-1,-1,30,1014,62,4,1715824800,22,9,33
1740,31,30,-1,-1,-1,-1,26,1013,83,3,1715875200,23,-1,31
1756,16,23,-1,-1,-1,-1,29,1007,65,4,1715940000,22,-1,23
1772,20,24,-1,-1,-1,-1,30,1005,79,4,1716001200,26,-1,24
1788,10,11,-1,-1,-1,-1,28,1001,94,3,1716058800,27,-1,11
1804,17,17,-1,-1,-1,-1,26,1005,94,2,1716120000,25,-1,17
1262,153,-1,4,1,4,0,25,1007,94,1,1713974400,24,16,153
1278,107,-1,4,1,4,0,33,1001,75,4,1714032000,28,16,107
1294,163,-1,4,1,4,0,29,1004,88,1,1714093200,27,16,163
1310,157,-1,4,1,4,0,28,1000,94,4,1714150800,27,16,157
1326,59,-1,4,1,4,0,26,1006,86,4,1714730400,24,-1,59
1342,112,-1,-1,-1,-1,-1,30,1006,81,4,1714791600,26,-1,112
1358,107,-1,-1,-1,-1,-1,26,1006,78,4,1714849200,22,-1,107
1373,112,-1,-1,-1,-1,-1,28,1007,74,3,1714903200,23,-1,112
1389,89,-1,-1,-1,-1,-1,26,1013,88,3,1714971600,24,-1,89
1405,155,-1,-1,-1,-1,-1,25,1012,94,2,1715029200,24,-1,155
1421,139,-1,-1,-1,-1,-1,28,1013,83,2,1715090400,25,-1,139
1437,50,-1,-1,-1,-1,-1,27,1011,91,4,1715151600,26,-1,50
1453,46,-1,4,1,4,0,23,1013,94,4,1715209200,22,-1,46
1469,87,-1,4,1,4,0,26,1014,91,3,1715266800,24,9,87
1485,91,-1,4,1,4,0,25,1012,94,2,1715619600,24,9,91
1501,134,-1,6,1,4,0,31,1009,66,3,1715677200,24,9,134
1517,124,-1,5,1,5,0,28,1013,83,3,1715734800,25,9,124
1533,119,-1,4,1,4,0,25,1014,94,3,1715792400,24,9,119
1549,33,29,-1,-1,-1,-1,30,1014,62,4,1715824800,22,9,33
1565,33,29,-1,-1,-1,-1,30,1014,62,4,1715824800,22,9,33
1581,33,29,-1,-1,-1,-1,30,1014,62,4,1715824800,22,9,33
1597,33,29,-1,-1,-1,-1,30,1014,62,4,1715824800,22,9,33
1613,33,29,-1,-1,-1,-1,30,1014,62,4,1715824800,22,9,33
1629,33,29,-1,-1,-1,-1,30,1014,62,4,1715824800,22,9,33
1645,33,29,-1,-1,-1,-1,30,1014,62,4,1715824800,22,9,33
1661,33,29,-1,-1,-1,-1,30,1014,62,4,1715824800,22,9,33
1677,33,29,-1,-1,-1,-1,30,1014,62,4,1715824800,22,9,33
1693,33,29,-1,-1,-1,-1,30,1014,62,4,1715824800,22,9,33
1709,33,29,-1,-1,-1,-1,30,1014,62,4,1715824800,22,9,33
1725,33,29,-1,-1,-1,-1,30,1014,62,4,1715824800,22,9,33
1741,34,31,-1,-1,-1,-1,25,1011,88,3,1715878800,23,-1,34
1757,16,24,-1,-1,-1,-1,28,1008,69,5,1715943600,22,-1,24
1773,20,27,-1,-1,-1,-1,31,1005,74,4,1716004800,26,-1,27
1789,11,12,-1,-1,-1,-1,28,1001,94,2,1716062400,27,-1,12
1805,18,16,-1,-1,-1,-1,26,1005,94,3,1716123600,25,-1,18
1263,149,-1,4,1,4,0,26,1007,94,3,1713978000,25,16,149
1279,117,-1,4,1,4,0,33,1000,75,4,1714035600,28,16,117
1295,155,-1,4,1,4,0,30,1004,84,1,1714096800,27,16,155
1311,158,-1,4,1,4,0,28,1000,94,5,1714154400,27,16,158
1327,74,-1,4,1,4,0,26,1006,88,5,1714734000,24,-1,74
1343,99,-1,-1,-1,-1,-1,31,1006,77,3,1714795200,26,-1,99
1359,91,-1,-1,-1,-1,-1,25,1006,73,5,1714852800,20,-1,91
1374,151,-1,-1,-1,-1,-1,27,1008,78,2,1714906800,23,-1,151
1390,119,-1,-1,-1,-1,-1,26,1013,88,6,1714975200,24,-1,119
1406,97,-1,-1,-1,-1,-1,25,1012,94,2,1715032800,24,-1,97
1422,139,-1,-1,-1,-1,-1,28,1013,83,3,1715094000,25,-1,139
1438,68,-1,-1,-1,-1,-1,27,1010,94,3,1715155200,26,-1,68
1454,63,-1,4,1,4,0,23,1014,94,4,1715212800,22,-1,63
1470,87,-1,4,1,4,0,26,1014,88,4,1715270400,24,9,87
1486,93,-1,4,1,4,0,25,1012,91,2,1715623200,24,9,93
1502,155,-1,6,1,4,0,31,1009,66,4,1715680800,24,9,155
1518,91,-1,4,1,4,0,28,1014,83,3,1715738400,25,9,91
1534,165,-1,4,1,4,0,26,1013,88,3,1715796000,24,9,165
1550,33,29,-1,-1,-1,-1,30,1014,62,4,1715824800,22,9,33
1566,33,29,-1,-1,-1,-1,30,1014,62,4,1715824800,22,9,33
1582,33,29,-1,-1,-1,-1,30,1014,62,4,1715824800,22,9,33
1598,33,29,-1,-1,-1,-1,30,1014,62,4,1715824800,22,9,33
1614,33,29,-1,-1,-1,-1,30,1014,62,4,1715824800,22,9,33
1630,33,29,-1,-1,-1,-1,30,1014,62,4,1715824800,22,9,33
1646,33,29,-1,-1,-1,-1,30,1014,62,4,1715824800,22,9,33
1662,33,29,-1,-1,-1,-1,30,1014,62,4,1715824800,22,9,33
1678,33,29,-1,-1,-1,-1,30,1014,62,4,1715824800,22,9,33
1694,33,29,-1,-1,-1,-1,30,1014,62,4,1715824800,22,9,33
1710,33,29,-1,-1,-1,-1,30,1014,62,4,1715824800,22,9,33
1726,33,29,-1,-1,-1,-1,30,1014,62,4,1715824800,22,9,33
1742,37,33,-1,-1,-1,-1,25,1011,91,2,1715882400,24,-1,37
1758,17,26,-1,-1,-1,-1,28,1008,69,4,1715947200,22,-1,26
1774,20,27,-1,-1,-1,-1,32,1004,70,4,1716008400,26,-1,27
1790,12,12,-1,-1,-1,-1,28,1001,94,3,1716066000,27,-1,12
1806,20,16,-1,-1,-1,-1,26,1005,88,2,1716127200,24,-1,20
1264,162,-1,4,1,4,0,26,1007,91,2,1713981600,25,16,162
1280,134,-1,4,1,4,0,33,1000,70,5,1714039200,27,16,134
1296,163,-1,4,1,4,0,31,1004,79,1,1714100400,27,16,163
1312,154,-1,4,1,4,0,28,1000,94,4,1714158000,27,16,154
1328,68,-1,4,1,4,0,26,1007,83,4,1714737600,23,-1,68
1344,109,-1,-1,-1,-1,-1,32,1005,72,4,1714798800,26,-1,109
1360,114,-1,-1,-1,-1,-1,25,1007,73,4,1714856400,20,-1,114
1375,117,-1,-1,-1,-1,-1,26,1009,88,3,1714910400,24,-1,117
1391,74,-1,-1,-1,-1,-1,27,1011,83,5,1714978800,24,-1,74
1407,109,-1,-1,-1,-1,-1,25,1013,94,2,1715036400,24,-1,109
1423,99,-1,-1,-1,-1,-1,27,1014,94,3,1715097600,26,-1,99
1439,72,-1,-1,-1,-1,-1,28,1010,88,3,1715158800,26,-1,72
1455,57,-1,4,1,4,0,23,1014,100,3,1715216400,23,-1,57
1471,65,-1,4,1,4,0,26,1014,88,3,1715274000,24,9,65
1487,107,-1,4,1,4,0,25,1011,94,1,1715626800,24,9,107
1503,155,-1,6,1,4,0,31,1009,68,5,1715684400,24,9,155
1519,85,-1,3,1,4,0,29,1014,79,3,1715742000,25,9,85
1535,152,-1,4,1,4,0,25,1013,94,3,1715799600,24,9,152
1551,33,29,-1,-1,-1,-1,30,1014,62,4,1715824800,22,9,33
1567,33,29,-1,-1,-1,-1,30,1014,62,4,1715824800,22,9,33
1583,33,29,-1,-1,-1,-1,30,1014,62,4,1715824800,22,9,33
1599,33,29,-1,-1,-1,-1,30,1014,62,4,1715824800,22,9,33
1615,33,29,-1,-1,-1,-1,30,1014,62,4,1715824800,22,9,33
1631,33,29,-1,-1,-1,-1,30,1014,62,4,1715824800,22,9,33
1647,33,29,-1,-1,-1,-1,30,1014,62,4,1715824800,22,9,33
1663,33,29,-1,-1,-1,-1,30,1014,62,4,1715824800,22,9,33
1679,33,29,-1,-1,-1,-1,30,1014,62,4,1715824800,22,9,33
1695,33,29,-1,-1,-1,-1,30,1014,62,4,1715824800,22,9,33
1711,33,29,-1,-1,-1,-1,30,1014,62,4,1715824800,22,9,33
1727,33,29,-1,-1,-1,-1,30,1014,62,4,1715824800,22,9,33
1743,40,35,-1,-1,-1,-1,25,1011,94,2,1715886000,24,-1,40
1759,18,25,-1,-1,-1,-1,28,1009,76,4,1715950800,24,-1,25
1775,19,24,-1,-1,-1,-1,32,1003,70,4,1716012000,26,-1,24
1791,12,13,-1,-1,-1,-1,28,1002,94,4,1716069600,27,-1,13
1807,21,17,-1,-1,-1,-1,25,1006,94,3,1716130800,24,-1,21
1265,158,-1,4,1,4,0,26,1006,88,2,1713985200,24,16,158
1281,151,-1,4,1,4,0,31,1000,79,5,1714042800,27,16,151
1297,167,-1,4,1,4,0,33,1003,70,1,1714104000,27,16,167
1313,151,-1,4,1,4,0,27,999,94,3,1714161600,26,16,151
1329,87,-1,4,1,4,0,26,1007,88,4,1714741200,24,-1,87
1345,117,-1,-1,-1,-1,-1,32,1003,70,4,1714802400,26,-1,117
1361,80,-1,-1,-1,-1,-1,24,1006,83,3,1714860000,21,-1,80
1376,95,-1,-1,-1,-1,-1,26,1011,83,1,1714921200,23,-1,95
1392,82,-1,-1,-1,-1,-1,28,1011,78,4,1714982400,24,-1,82
1408,107,-1,-1,-1,-1,-1,25,1014,94,3,1715040000,24,-1,107
1424,127,-1,-1,-1,-1,-1,27,1013,94,2,1715101200,26,-1,127
1440,74,-1,-1,-1,-1,-1,28,1009,88,3,1715162400,26,-1,74
1456,65,-1,4,1,4,0,24,1014,94,2,1715220000,23,-1,65
1472,72,-1,4,1,4,0,28,1014,74,3,1715572800,23,9,72
1488,104,-1,4,1,4,0,25,1011,94,2,1715630400,24,9,104
1504,114,-1,5,1,4,0,29,1010,76,6,1715688000,24,9,114
1520,95,-1,3,1,4,0,29,1013,81,3,1715745600,26,9,95
1536,154,-1,4,1,4,0,26,1012,88,2,1715803200,24,9,154
1552,33,29,-1,-1,-1,-1,30,1014,62,4,1715824800,22,9,33
1568,33,29,-1,-1,-1,-1,30,1014,62,4,1715824800,22,9,33
1584,33,29,-1,-1,-1,-1,30,1014,62,4,1715824800,22,9,33
1600,33,29,-1,-1,-1,-1,30,1014,62,4,1715824800,22,9,33
1616,33,29,-1,-1,-1,-1,30,1014,62,4,1715824800,22,9,33
1632,33,29,-1,-1,-1,-1,30,1014,62,4,1715824800,22,9,33
1648,33,29,-1,-1,-1,-1,30,1014,62,4,1715824800,22,9,33
1664,33,29,-1,-1,-1,-1,30,1014,62,4,1715824800,22,9,33
1680,33,29,-1,-1,-1,-1,30,1014,62,4,1715824800,22,9,33
1696,33,29,-1,-1,-1,-1,30,1014,62,4,1715824800,22,9,33
1712,33,29,-1,-1,-1,-1,30,1014,62,4,1715824800,22,9,33
1728,33,29,-1,-1,-1,-1,30,1014,62,4,1715824800,22,9,33
1744,43,35,-1,-1,-1,-1,25,1011,94,2,1715889600,24,-1,43
1760,19,25,-1,-1,-1,-1,28,1010,81,4,1715954400,24,-1,25
1776,18,22,-1,-1,-1,-1,31,1001,79,6,1716015600,27,-1,22
1792,13,14,-1,-1,-1,-1,28,1003,88,4,1716073200,26,-1,14
1808,26,20,-1,-1,-1,-1,25,1005,94,3,1716134400,24,-1,26
1266,159,-1,4,1,4,0,25,1006,100,4,1713988800,25,16,159
1282,132,-1,4,1,4,0,30,1001,89,5,1714046400,28,16,132
1298,167,-1,4,1,4,0,34,1002,66,1,1714107600,27,16,167
1314,149,-1,4,1,4,0,27,1000,94,3,1714165200,26,16,149
1330,61,-1,4,1,4,0,25,1007,94,4,1714744800,24,-1,61
1346,117,-1,-1,-1,-1,-1,33,1003,66,4,1714806000,26,-1,117
1362,72,-1,-1,-1,-1,-1,25,1008,81,1,1714863600,21,-1,72
1377,87,-1,-1,-1,-1,-1,25,1010,94,2,1714924800,24,-1,87
1393,65,-1,-1,-1,-1,-1,28,1010,74,3,1714986000,23,-1,65
1409,152,-1,-1,-1,-1,-1,26,1014,88,3,1715043600,24,-1,152
1425,112,-1,-1,-1,-1,-1,26,1011,94,3,1715104800,25,-1,112
1441,85,-1,-1,-1,-1,-1,27,1009,88,3,1715166000,25,-1,85
1457,68,-1,4,1,4,0,25,1014,94,2,1715223600,24,-1,68
1473,70,-1,4,1,4,0,29,1013,65,4,1715576400,22,9,70
1489,132,-1,4,1,4,0,25,1011,91,1,1715634000,23,9,132
1505,78,-1,5,1,4,0,28,1011,78,4,1715691600,24,9,78
1521,97,-1,3,1,4,0,30,1013,77,3,1715749200,26,9,97
1537,129,-1,4,1,4,0,25,1013,94,2,1715806800,24,9,129
1553,33,29,-1,-1,-1,-1,30,1014,62,4,1715824800,22,9,33
1569,33,29,-1,-1,-1,-1,30,1014,62,4,1715824800,22,9,33
1585,33,29,-1,-1,-1,-1,30,1014,62,4,1715824800,22,9,33
1601,33,29,-1,-1,-1,-1,30,1014,62,4,1715824800,22,9,33
1617,33,29,-1,-1,-1,-1,30,1014,62,4,1715824800,22,9,33
1633,33,29,-1,-1,-1,-1,30,1014,62,4,1715824800,22,9,33
1649,33,29,-1,-1,-1,-1,30,1014,62,4,1715824800,22,9,33
1665,33,29,-1,-1,-1,-1,30,1014,62,4,1715824800,22,9,33
1681,33,29,-1,-1,-1,-1,30,1014,62,4,1715824800,22,9,33
1697,33,29,-1,-1,-1,-1,30,1014,62,4,1715824800,22,9,33
1713,33,29,-1,-1,-1,-1,30,1014,62,4,1715824800,22,9,33
1729,19,23,-1,-1,-1,-1,31,1014,58,3,1715832000,22,9,23
1745,46,37,-1,-1,-1,-1,25,1011,94,0,1715893200,24,-1,46
1761,19,24,-1,-1,-1,-1,27,1010,83,5,1715958000,24,-1,24
1777,18,21,-1,-1,-1,-1,31,1001,79,6,1716019200,27,-1,21
1793,15,17,-1,-1,-1,-1,29,1004,83,3,1716076800,26,-1,17
1809,27,20,-1,-1,-1,-1,25,1004,94,2,1716138000,24,-1,27
1267,161,-1,4,1,4,0,25,1005,100,3,1713992400,25,16,161
1283,112,-1,4,1,4,0,29,1002,88,5,1714053600,27,16,112
1299,164,-1,4,1,4,0,35,1001,59,3,1714111200,26,16,164
1315,151,-1,4,1,4,0,27,1001,94,3,1714168800,26,16,151
1331,65,-1,4,1,4,0,25,1008,94,2,1714748400,24,-1,65
1347,112,-1,-1,-1,-1,-1,33,1002,68,5,1714809600,26,-1,112
1363,93,-1,-1,-1,-1,-1,25,1009,76,4,1714867200,21,-1,93
1378,87,-1,-1,-1,-1,-1,26,1011,78,2,1714928400,22,-1,87
1394,82,-1,-1,-1,-1,-1,28,1009,74,3,1714989600,23,-1,82
1410,122,-1,-1,-1,-1,-1,26,1015,88,4,1715047200,24,-1,122
1426,104,-1,-1,-1,-1,-1,26,1011,94,3,1715108400,25,-1,104
1442,114,-1,-1,-1,-1,-1,26,1010,94,3,1715169600,25,-1,114
1458,89,-1,4,1,4,0,27,1014,83,3,1715227200,24,-1,89
1474,65,-1,4,1,4,0,30,1012,62,4,1715580000,22,9,65
1490,122,-1,4,1,4,0,25,1012,88,1,1715637600,23,9,122
1506,93,-1,5,1,4,0,28,1011,78,4,1715695200,24,9,93
1522,89,-1,3,1,4,0,30,1012,74,3,1715752800,25,9,89
1538,157,-1,4,1,4,0,25,1013,94,2,1715810400,24,9,157
1554,33,29,-1,-1,-1,-1,30,1014,62,4,1715824800,22,9,33
1570,33,29,-1,-1,-1,-1,30,1014,62,4,1715824800,22,9,33
1586,33,29,-1,-1,-1,-1,30,1014,62,4,1715824800,22,9,33
1602,33,29,-1,-1,-1,-1,30,1014,62,4,1715824800,22,9,33
1618,33,29,-1,-1,-1,-1,30,1014,62,4,1715824800,22,9,33
1634,33,29,-1,-1,-1,-1,30,1014,62,4,1715824800,22,9,33
1650,33,29,-1,-1,-1,-1,30,1014,62,4,1715824800,22,9,33
1666,33,29,-1,-1,-1,-1,30,1014,62,4,1715824800,22,9,33
1682,33,29,-1,-1,-1,-1,30,1014,62,4,1715824800,22,9,33
1698,33,29,-1,-1,-1,-1,30,1014,62,4,1715824800,22,9,33
1714,33,29,-1,-1,-1,-1,30,1014,62,4,1715824800,22,9,33
1730,18,22,-1,-1,-1,-1,30,1013,58,2,1715835600,21,9,22
1746,49,37,-1,-1,-1,-1,26,1012,88,1,1715896800,24,-1,49
1762,21,24,-1,-1,-1,-1,27,1008,88,4,1715965200,25,-1,24
1778,17,20,-1,-1,-1,-1,30,1001,84,5,1716022800,27,-1,20
1794,23,26,-1,-1,-1,-1,29,1004,86,3,1716084000,27,-1,26
1810,28,21,-1,-1,-1,-1,25,1004,94,2,1716141600,24,-1,28
1268,152,-1,4,1,4,0,25,1005,97,1,1713996000,25,16,152
1284,142,-1,4,1,4,0,29,1003,88,5,1714057200,27,16,142
1300,154,-1,4,1,4,0,36,999,55,3,1714114800,26,16,154
1316,155,-1,4,1,4,0,27,1001,94,3,1714172400,26,16,155
1332,55,-1,4,1,4,0,26,1008,88,3,1714755600,24,-1,55
1348,104,-1,-1,-1,-1,-1,32,1001,70,5,1714813200,26,-1,104
1364,74,-1,-1,-1,-1,-1,26,1010,69,5,1714870800,20,-1,74
1379,87,-1,-1,-1,-1,-1,26,1010,78,3,1714932000,22,-1,87
1395,63,-1,-1,-1,-1,-1,27,1009,78,1,1714993200,23,-1,63
1411,117,-1,-1,-1,-1,-1,27,1015,86,3,1715050800,25,-1,117
1427,107,-1,-1,-1,-1,-1,26,1011,94,2,1715112000,25,-1,107
1443,127,-1,-1,-1,-1,-1,26,1011,94,3,1715173200,25,-1,127
1459,93,-1,4,1,4,0,27,1014,83,3,1715230800,24,-1,93
1475,50,-1,4,1,4,0,30,1012,64,3,1715583600,22,9,50
1491,119,-1,5,1,4,0,24,1012,94,1,1715641200,23,9,119
1507,102,-1,4,1,4,0,27,1012,88,4,1715698800,25,9,102
1523,85,-1,3,1,4,0,30,1011,74,2,1715756400,25,9,85
1539,164,-1,5,1,4,0,26,1014,91,3,1715814000,24,9,164
1555,33,29,-1,-1,-1,-1,30,1014,62,4,1715824800,22,9,33
1571,33,29,-1,-1,-1,-1,30,1014,62,4,1715824800,22,9,33
1587,33,29,-1,-1,-1,-1,30,1014,62,4,1715824800,22,9,33
1603,33,29,-1,-1,-1,-1,30,1014,62,4,1715824800,22,9,33
1619,33,29,-1,-1,-1,-1,30,1014,62,4,1715824800,22,9,33
1635,33,29,-1,-1,-1,-1,30,1014,62,4,1715824800,22,9,33
1651,33,29,-1,-1,-1,-1,30,1014,62,4,1715824800,22,9,33
1667,33,29,-1,-1,-1,-1,30,1014,62,4,1715824800,22,9,33
1683,33,29,-1,-1,-1,-1,30,1014,62,4,1715824800,22,9,33
1699,33,29,-1,-1,-1,-1,30,1014,62,4,1715824800,22,9,33
1715,33,29,-1,-1,-1,-1,30,1014,62,4,1715824800,22,9,33
1731,18,22,-1,-1,-1,-1,31,1012,57,2,1715839200,22,9,22
1747,54,40,-1,-1,-1,-1,28,1012,78,1,1715900400,24,-1,54
1763,20,23,-1,-1,-1,-1,27,1008,88,3,1715968800,25,-1,23
1779,16,20,-1,-1,-1,-1,30,1002,84,5,1716026400,27,-1,20
1795,25,25,-1,-1,-1,-1,29,1003,86,3,1716087600,27,-1,25
1811,29,22,-1,-1,-1,-1,25,1004,94,1,1716145200,24,-1,29
1269,139,-1,4,1,4,0,25,1005,97,2,1713999600,25,16,139
1285,119,-1,4,1,4,0,28,1003,91,4,1714060800,27,16,119
1301,149,-1,4,1,4,0,37,998,56,4,1714118400,27,16,149
1317,154,-1,4,1,4,0,29,1002,91,3,1714176000,27,16,154
1333,55,-1,4,1,4,0,25,1006,94,3,1714759200,24,-1,55
1349,93,-1,-1,-1,-1,-1,31,1001,74,6,1714816800,26,-1,93
1365,93,-1,-1,-1,-1,-1,26,1011,69,5,1714874400,20,-1,93
1380,89,-1,-1,-1,-1,-1,25,1010,88,1,1714939200,23,-1,89
1396,80,-1,-1,-1,-1,-1,26,1010,83,1,1714996800,23,-1,80
1412,151,-1,-1,-1,-1,-1,29,1015,79,3,1715054400,25,-1,151
1428,119,-1,-1,-1,-1,-1,26,1011,94,3,1715115600,25,-1,119
1444,93,-1,-1,-1,-1,-1,27,1012,88,3,1715176800,25,-1,93
1460,97,-1,4,1,4,0,30,1013,74,2,1715234400,25,-1,97
1476,68,-1,4,1,4,0,30,1011,64,3,1715587200,22,9,68
1492,119,-1,4,1,4,0,25,1012,88,2,1715644800,23,9,119
1508,91,-1,4,1,4,0,27,1012,88,4,1715702400,25,9,91
1524,76,-1,3,1,4,0,31,1010,72,3,1715760000,26,9,76
1540,152,-1,5,1,4,0,26,1015,88,3,1715817600,24,9,152
1556,33,29,-1,-1,-1,-1,30,1014,62,4,1715824800,22,9,33
1572,33,29,-1,-1,-1,-1,30,1014,62,4,1715824800,22,9,33
1588,33,29,-1,-1,-1,-1,30,1014,62,4,1715824800,22,9,33
1604,33,29,-1,-1,-1,-1,30,1014,62,4,1715824800,22,9,33
1620,33,29,-1,-1,-1,-1,30,1014,62,4,1715824800,22,9,33
1636,33,29,-1,-1,-1,-1,30,1014,62,4,1715824800,22,9,33
1652,33,29,-1,-1,-1,-1,30,1014,62,4,1715824800,22,9,33
1668,33,29,-1,-1,-1,-1,30,1014,62,4,1715824800,22,9,33
1684,33,29,-1,-1,-1,-1,30,1014,62,4,1715824800,22,9,33
1700,33,29,-1,-1,-1,-1,30,1014,62,4,1715824800,22,9,33
1716,33,29,-1,-1,-1,-1,30,1014,62,4,1715824800,22,9,33
1732,17,22,-1,-1,-1,-1,30,1011,62,2,1715842800,22,-1,22
1748,58,44,-1,-1,-1,-1,29,1012,65,2,1715904000,22,-1,58
1764,20,23,-1,-1,-1,-1,27,1007,88,3,1715972400,25,-1,23
1780,15,20,-1,-1,-1,-1,30,1002,84,5,1716030000,27,-1,20
1796,24,23,-1,-1,-1,-1,30,1002,84,2,1716091200,27,-1,24
1812,30,22,-1,-1,-1,-1,25,1005,94,1,1716152400,24,-1,30
1270,117,-1,4,1,4,0,26,1006,94,2,1714003200,25,16,117
1286,117,-1,4,1,4,0,28,1003,88,4,1714064400,26,16,117
1302,151,-1,4,1,4,0,36,997,59,5,1714122000,27,16,151
1318,154,-1,4,1,4,0,30,1002,84,3,1714179600,27,16,154
1334,72,-1,4,1,4,0,25,1005,94,2,1714762800,24,-1,72
1350,124,-1,-1,-1,-1,-1,30,1001,79,6,1714820400,26,-1,124
1366,112,-1,-1,-1,-1,-1,27,1010,69,4,1714878000,21,-1,112
1381,95,-1,-1,-1,-1,-1,25,1010,91,1,1714942800,24,-1,95
1397,95,-1,-1,-1,-1,-1,25,1010,94,2,1715000400,24,-1,95
1413,153,-1,-1,-1,-1,-1,29,1014,79,2,1715058000,25,-1,153
1429,127,-1,-1,-1,-1,-1,26,1012,94,3,1715119200,25,-1,127
1445,112,-1,-1,-1,-1,-1,26,1013,94,2,1715180400,25,-1,112
1461,95,-1,4,1,4,0,30,1013,72,1,1715238000,25,-1,95
1477,63,-1,5,1,4,0,30,1010,62,3,1715590800,22,9,63
1493,137,-1,3,1,4,0,27,1013,83,1,1715648400,24,9,137
1509,74,-1,4,1,4,0,27,1012,88,3,1715706000,25,9,74
1525,82,-1,3,1,4,0,31,1010,72,3,1715763600,25,9,82
1541,147,-1,5,1,4,0,28,1015,81,4,1715821200,24,9,147
1557,33,29,-1,-1,-1,-1,30,1014,62,4,1715824800,22,9,33
1573,33,29,-1,-1,-1,-1,30,1014,62,4,1715824800,22,9,33
1589,33,29,-1,-1,-1,-1,30,1014,62,4,1715824800,22,9,33
1605,33,29,-1,-1,-1,-1,30,1014,62,4,1715824800,22,9,33
1621,33,29,-1,-1,-1,-1,30,1014,62,4,1715824800,22,9,33
1637,33,29,-1,-1,-1,-1,30,1014,62,4,1715824800,22,9,33
1653,33,29,-1,-1,-1,-1,30,1014,62,4,1715824800,22,9,33
1669,33,29,-1,-1,-1,-1,30,1014,62,4,1715824800,22,9,33
1685,33,29,-1,-1,-1,-1,30,1014,62,4,1715824800,22,9,33
1701,33,29,-1,-1,-1,-1,30,1014,62,4,1715824800,22,9,33
1717,33,29,-1,-1,-1,-1,30,1014,62,4,1715824800,22,9,33
1733,17,21,-1,-1,-1,-1,27,1010,78,4,1715846400,23,-1,21
1749,43,39,-1,-1,-1,-1,29,1011,62,3,1715911200,21,-1,43
1765,20,23,-1,-1,-1,-1,27,1007,88,3,1715976000,25,-1,23
1781,15,18,-1,-1,-1,-1,29,1003,83,6,1716033600,26,-1,18
1797,25,24,-1,-1,-1,-1,31,1001,84,3,1716094800,28,-1,25
1813,29,22,-1,-1,-1,-1,25,1006,97,3,1716156000,25,-1,29
1271,117,-1,4,1,5,0,27,1007,88,2,1714006800,25,16,117
1287,127,-1,4,1,4,0,28,1002,94,4,1714068000,27,16,127
1303,155,-1,4,1,4,0,35,997,63,5,1714125600,27,16,155
1319,158,-1,4,1,4,0,31,1002,79,3,1714183200,27,16,158
1335,55,-1,4,1,4,0,25,1005,94,2,1714766400,24,-1,55
1351,107,-1,-1,-1,-1,-1,29,1002,79,6,1714824000,25,-1,107
1367,99,-1,-1,-1,-1,-1,27,1010,69,4,1714881600,21,-1,99
1382,89,-1,-1,-1,-1,-1,25,1010,94,2,1714946400,24,-1,89
1398,104,-1,-1,-1,-1,-1,26,1012,88,1,1715004000,24,-1,104
1414,153,-1,-1,-1,-1,-1,30,1014,77,2,1715061600,25,-1,153
1430,160,-1,-1,-1,-1,-1,27,1013,91,3,1715126400,25,-1,160
1446,93,-1,-1,-1,-1,-1,26,1013,94,2,1715184000,25,-1,93
1462,95,-1,4,1,4,0,30,1011,72,2,1715241600,25,9,95
1478,65,-1,4,1,4,0,30,1010,64,3,1715594400,22,9,65
1494,122,-1,3,1,4,0,29,1013,74,1,1715652000,24,9,122
1510,57,-1,4,1,4,0,27,1011,88,3,1715709600,25,9,57
1526,72,-1,3,1,4,0,29,1011,86,6,1715767200,26,9,72
1542,124,-1,5,1,4,0,28,1015,74,5,1715824800,23,9,124
1558,33,29,-1,-1,-1,-1,30,1014,62,4,1715824800,22,9,33
1574,33,29,-1,-1,-1,-1,30,1014,62,4,1715824800,22,9,33
1590,33,29,-1,-1,-1,-1,30,1014,62,4,1715824800,22,9,33
1606,33,29,-1,-1,-1,-1,30,1014,62,4,1715824800,22,9,33
1622,33,29,-1,-1,-1,-1,30,1014,62,4,1715824800,22,9,33
1638,33,29,-1,-1,-1,-1,30,1014,62,4,1715824800,22,9,33
1654,33,29,-1,-1,-1,-1,30,1014,62,4,1715824800,22,9,33
1670,33,29,-1,-1,-1,-1,30,1014,62,4,1715824800,22,9,33
1686,33,29,-1,-1,-1,-1,30,1014,62,4,1715824800,22,9,33
1702,33,29,-1,-1,-1,-1,30,1014,62,4,1715824800,22,9,33
1718,33,29,-1,-1,-1,-1,30,1014,62,4,1715824800,22,9,33
1734,27,29,-1,-1,-1,-1,27,1011,83,4,1715853600,24,-1,29
1750,38,38,-1,-1,-1,-1,30,1011,62,2,1715914800,22,-1,38
1766,20,22,-1,-1,-1,-1,27,1006,88,3,1715979600,25,-1,22
1782,14,17,-1,-1,-1,-1,29,1004,86,5,1716037200,27,-1,17
1798,27,25,-1,-1,-1,-1,32,1000,79,3,1716098400,28,-1,27
1814,30,25,-1,-1,-1,-1,25,1007,100,3,1716159600,25,-1,30
1272,152,-1,4,1,4,0,28,1007,83,1,1714010400,25,16,152
1288,137,-1,4,1,4,0,28,1002,94,3,1714071600,27,16,137
1304,155,-1,4,1,4,0,34,998,68,5,1714129200,27,16,155
1320,87,-1,4,1,4,0,26,1009,88,3,1714708800,24,-1,87
1336,57,-1,4,1,4,0,25,1005,94,3,1714770000,24,-1,57
1352,104,-1,-1,-1,-1,-1,28,1003,83,5,1714827600,25,-1,104
1383,104,-1,-1,-1,-1,-1,25,1010,94,1,1714950000,24,-1,104
1399,117,-1,-1,-1,-1,-1,25,1012,94,2,1715007600,24,-1,117
1415,117,-1,-1,-1,-1,-1,30,1011,77,2,1715068800,25,-1,117
1431,160,-1,-1,-1,-1,-1,27,1014,88,3,1715130000,25,-1,160
1447,76,-1,-1,-1,-1,-1,27,1013,86,3,1715187600,25,-1,76
1463,82,-1,4,1,4,0,27,1011,83,7,1715245200,24,9,82
1479,65,-1,5,1,4,0,29,1011,70,2,1715598000,23,9,65
1495,114,-1,3,1,4,0,30,1013,66,2,1715655600,23,9,114
1511,68,-1,4,1,4,0,27,1011,88,3,1715713200,25,9,68
1527,72,-1,3,1,4,0,26,1012,94,6,1715770800,25,9,72
1543,107,-1,3,1,4,0,29,1015,68,4,1715828400,23,9,107
1559,33,29,-1,-1,-1,-1,30,1014,62,4,1715824800,22,9,33
1575,33,29,-1,-1,-1,-1,30,1014,62,4,1715824800,22,9,33
1591,33,29,-1,-1,-1,-1,30,1014,62,4,1715824800,22,9,33
1607,33,29,-1,-1,-1,-1,30,1014,62,4,1715824800,22,9,33
1623,33,29,-1,-1,-1,-1,30,1014,62,4,1715824800,22,9,33
1639,33,29,-1,-1,-1,-1,30,1014,62,4,1715824800,22,9,33
1655,33,29,-1,-1,-1,-1,30,1014,62,4,1715824800,22,9,33
1671,33,29,-1,-1,-1,-1,30,1014,62,4,1715824800,22,9,33
1687,33,29,-1,-1,-1,-1,30,1014,62,4,1715824800,22,9,33
1703,33,29,-1,-1,-1,-1,30,1014,62,4,1715824800,22,9,33
1719,33,29,-1,-1,-1,-1,30,1014,62,4,1715824800,22,9,33
1735,34,33,-1,-1,-1,-1,27,1012,86,4,1715857200,24,-1,34
1751,34,37,-1,-1,-1,-1,30,1011,62,2,1715918400,22,-1,37
1767,20,22,-1,-1,-1,-1,27,1006,88,3,1715983200,25,-1,22
1783,14,16,-1,-1,-1,-1,29,1004,88,4,1716040800,27,-1,16
1799,26,23,-1,-1,-1,-1,31,1000,79,4,1716102000,27,-1,26
1815,35,29,-1,-1,-1,-1,26,1008,94,3,1716163200,25,-1,35
1256,162,-1,4,1,4,0,26,1004,88,2,1713952800,24,16,162
1816,35,29,-1,-1,-1,-1,26,1008,94,3,1716188400,25,-1,35
1817,25,22,-1,-1,-1,-1,31,1006,70,3,1716202800,25,-1,25
1818,20,18,-1,-1,-1,-1,31,1005,66,3,1716206400,24,-1,20
1819,16,16,-1,-1,-1,-1,31,1005,70,2,1716210000,25,-1,16
1820,14,13,-1,-1,-1,-1,30,1004,74,3,1716213600,25,-1,14
1821,13,14,-1,-1,-1,-1,30,1005,74,3,1716220800,25,-1,14
1822,13,15,-1,-1,-1,-1,30,1004,70,2,1716224400,24,-1,15
1823,15,16,-1,-1,-1,-1,29,1007,81,2,1716228000,26,-1,16
1824,24,28,-1,-1,-1,-1,29,1008,81,2,1716235200,25,-1,28
1825,26,30,-1,-1,-1,-1,28,1008,88,1,1716238800,26,-1,30
1826,28,28,-1,-1,-1,-1,28,1008,88,1,1716242400,26,-1,28
1827,34,35,-1,-1,-1,-1,28,1008,89,2,1716246000,26,-1,35
1828,34,33,-1,-1,-1,-1,27,1007,94,1,1716249600,26,-1,34
1829,35,29,-1,-1,-1,-1,27,1007,91,2,1716253200,26,-1,35
1830,35,27,-1,-1,-1,-1,27,1008,88,1,1716256800,25,-1,35
1831,45,31,-1,-1,-1,-1,27,1009,88,2,1716260400,25,-1,45
1832,160,-1,4,1,4,0,30,1009,79,1,1716285600,26,-1,160
1833,44,30,-1,-1,-1,-1,31,1009,70,1,1716264000,25,-1,44
1834,44,30,-1,-1,-1,-1,31,1009,70,1,1716264000,25,-1,44
1835,44,30,-1,-1,-1,-1,31,1009,70,1,1716264000,25,-1,44
1836,44,30,-1,-1,-1,-1,31,1009,70,1,1716264000,25,-1,44
1837,44,30,-1,-1,-1,-1,31,1009,70,1,1716264000,25,-1,44
1838,44,30,-1,-1,-1,-1,31,1009,70,1,1716264000,25,-1,44
1839,44,30,-1,-1,-1,-1,31,1009,70,1,1716264000,25,-1,44
1840,44,30,-1,-1,-1,-1,31,1009,70,1,1716264000,25,-1,44
1841,44,30,-1,-1,-1,-1,31,1009,70,1,1716264000,25,-1,44
1842,44,30,-1,-1,-1,-1,31,1009,70,1,1716264000,25,-1,44
1843,44,30,-1,-1,-1,-1,31,1009,70,1,1716264000,25,-1,44
1844,44,30,-1,-1,-1,-1,31,1009,70,1,1716264000,25,-1,44
1845,44,30,-1,-1,-1,-1,31,1009,70,1,1716264000,25,-1,44
1846,44,30,-1,-1,-1,-1,31,1009,70,1,1716264000,25,-1,44
1847,44,30,-1,-1,-1,-1,31,1009,70,1,1716264000,25,-1,44
1848,44,30,-1,-1,-1,-1,31,1009,70,1,1716264000,25,-1,44
1849,44,30,-1,-1,-1,-1,31,1009,70,1,1716264000,25,-1,44
1850,44,30,-1,-1,-1,-1,31,1009,70,1,1716264000,25,-1,44
1851,44,30,-1,-1,-1,-1,31,1009,70,1,1716264000,25,-1,44
1852,44,30,-1,-1,-1,-1,31,1009,70,1,1716264000,25,-1,44
1853,44,30,-1,-1,-1,-1,31,1009,70,1,1716264000,25,-1,44
1854,44,30,-1,-1,-1,-1,31,1009,70,1,1716264000,25,-1,44
1855,44,30,-1,-1,-1,-1,31,1009,70,1,1716264000,25,-1,44
1856,44,30,-1,-1,-1,-1,31,1009,70,1,1716264000,25,-1,44
1857,44,30,-1,-1,-1,-1,31,1009,70,1,1716264000,25,-1,44
1858,44,30,-1,-1,-1,-1,31,1009,70,1,1716264000,25,-1,44
1859,44,30,-1,-1,-1,-1,31,1009,70,1,1716264000,25,-1,44
1860,44,30,-1,-1,-1,-1,31,1009,70,1,1716264000,25,-1,44
1861,44,30,-1,-1,-1,-1,31,1009,70,1,1716264000,25,-1,44
1862,44,30,-1,-1,-1,-1,31,1009,70,1,1716264000,25,-1,44
1863,44,30,-1,-1,-1,-1,31,1009,70,1,1716264000,25,-1,44
1864,44,30,-1,-1,-1,-1,31,1009,70,1,1716264000,25,-1,44
1865,44,30,-1,-1,-1,-1,31,1009,70,1,1716264000,25,-1,44
1866,44,30,-1,-1,-1,-1,31,1009,70,1,1716264000,25,-1,44
1867,44,30,-1,-1,-1,-1,31,1009,70,1,1716264000,25,-1,44
1868,44,30,-1,-1,-1,-1,31,1009,70,1,1716264000,25,-1,44
1869,44,30,-1,-1,-1,-1,31,1009,70,1,1716264000,25,-1,44
1870,44,30,-1,-1,-1,-1,31,1009,70,1,1716264000,25,-1,44
1871,44,30,-1,-1,-1,-1,31,1009,70,1,1716264000,25,-1,44
1872,44,30,-1,-1,-1,-1,31,1009,70,1,1716264000,25,-1,44
1873,44,30,-1,-1,-1,-1,31,1009,70,1,1716264000,25,-1,44
1874,44,30,-1,-1,-1,-1,31,1009,70,1,1716264000,25,-1,44
1875,44,30,-1,-1,-1,-1,31,1009,70,1,1716264000,25,-1,44
1876,44,30,-1,-1,-1,-1,31,1009,70,1,1716264000,25,-1,44
1877,44,30,-1,-1,-1,-1,31,1009,70,1,1716264000,25,-1,44
1878,44,30,-1,-1,-1,-1,31,1009,70,1,1716264000,25,-1,44
1879,44,30,-1,-1,-1,-1,31,1009,70,1,1716264000,25,-1,44
1880,44,30,-1,-1,-1,-1,31,1009,70,1,1716264000,25,-1,44
1881,44,30,-1,-1,-1,-1,31,1009,70,1,1716264000,25,-1,44
1882,44,30,-1,-1,-1,-1,31,1009,70,1,1716264000,25,-1,44
1883,44,30,-1,-1,-1,-1,31,1009,70,1,1716264000,25,-1,44
1884,44,30,-1,-1,-1,-1,31,1009,70,1,1716264000,25,-1,44
1885,44,30,-1,-1,-1,-1,31,1009,70,1,1716264000,25,-1,44
1886,44,30,-1,-1,-1,-1,31,1009,70,1,1716264000,25,-1,44
1887,44,30,-1,-1,-1,-1,31,1009,70,1,1716264000,25,-1,44
1888,44,30,-1,-1,-1,-1,31,1009,70,1,1716264000,25,-1,44
1889,44,30,-1,-1,-1,-1,31,1009,70,1,1716264000,25,-1,44
1890,44,30,-1,-1,-1,-1,31,1009,70,1,1716264000,25,-1,44
1891,44,30,-1,-1,-1,-1,31,1009,70,1,1716264000,25,-1,44
1892,44,30,-1,-1,-1,-1,31,1009,70,1,1716264000,25,-1,44
1893,44,30,-1,-1,-1,-1,31,1009,70,1,1716264000,25,-1,44
1894,44,30,-1,-1,-1,-1,31,1009,70,1,1716264000,25,-1,44
1895,44,30,-1,-1,-1,-1,31,1009,70,1,1716264000,25,-1,44
1896,44,30,-1,-1,-1,-1,31,1009,70,1,1716264000,25,-1,44
1897,44,30,-1,-1,-1,-1,31,1009,70,1,1716264000,25,-1,44
1898,44,30,-1,-1,-1,-1,31,1009,70,1,1716264000,25,-1,44
1899,44,30,-1,-1,-1,-1,31,1009,70,1,1716264000,25,-1,44
1900,44,30,-1,-1,-1,-1,31,1009,70,1,1716264000,25,-1,44
1901,44,30,-1,-1,-1,-1,31,1009,70,1,1716264000,25,-1,44
1902,44,30,-1,-1,-1,-1,31,1009,70,1,1716264000,25,-1,44
1903,44,30,-1,-1,-1,-1,31,1009,70,1,1716264000,25,-1,44
1904,44,30,-1,-1,-1,-1,31,1009,70,1,1716264000,25,-1,44
1905,44,30,-1,-1,-1,-1,31,1009,70,1,1716264000,25,-1,44
1906,44,30,-1,-1,-1,-1,31,1009,70,1,1716264000,25,-1,44
1907,156,-1,4,1,4,0,31,1009,70,1,1716289200,25,-1,156
1908,41,37,-1,-1,-1,-1,31,1008,72,3,1716292800,25,-1,41
1909,34,30,-1,-1,-1,-1,34,1006,61,2,1716296400,25,-1,34
1910,32,27,-1,-1,-1,-1,29,1006,72,5,1716300000,24,-1,32
1911,25,23,-1,-1,-1,-1,28,1006,74,2,1716307200,23,-1,25
1912,26,23,-1,-1,-1,-1,28,1006,78,1,1716310800,24,-1,26
1913,30,25,-1,-1,-1,-1,28,1007,79,1,1716314400,24,-1,30
1914,34,27,-1,-1,-1,-1,27,1009,86,2,1716318000,25,-1,34
1915,30,26,-1,-1,-1,-1,27,1009,83,2,1716321600,24,-1,30
1916,23,19,-1,-1,-1,-1,27,1010,88,3,1716325200,25,-1,23
1917,21,17,-1,-1,-1,-1,26,1010,88,2,1716328800,24,-1,21
1918,22,17,-1,-1,-1,-1,26,1009,88,2,1716332400,24,-1,22
1919,33,23,-1,-1,-1,-1,26,1009,88,2,1716336000,24,-1,33
1920,33,24,-1,-1,-1,-1,25,1009,94,2,1716339600,24,-1,33
1921,34,25,-1,-1,-1,-1,25,1009,94,2,1716343200,24,-1,34
1922,55,37,-1,-1,-1,-1,27,1010,86,1,1716357600,24,-1,55
1923,67,46,-1,-1,-1,-1,30,1011,66,4,1716361200,23,-1,67
1924,58,42,-1,-1,-1,-1,31,1011,62,3,1716364800,23,-1,58
1925,41,32,-1,-1,-1,-1,31,1010,62,2,1716368400,23,-1,41
1926,32,29,-1,-1,-1,-1,32,1009,59,2,1716372000,23,-1,32
1927,29,27,-1,-1,-1,-1,33,1009,57,1,1716375600,23,-1,29
1928,25,23,-1,-1,-1,-1,33,1007,59,1,1716382800,24,-1,25
1929,23,20,-1,-1,-1,-1,29,1006,74,3,1716386400,24,-1,23
1930,25,22,-1,-1,-1,-1,29,1007,72,2,1716397200,24,-1,25
1931,38,31,-1,-1,-1,-1,29,1008,77,2,1716404400,25,-1,38
1932,37,30,-1,-1,-1,-1,28,1009,83,4,1716408000,25,-1,37
1933,28,23,-1,-1,-1,-1,28,1009,83,5,1716411600,25,-1,28
1934,19,16,-1,-1,-1,-1,27,1010,83,4,1716415200,24,-1,19
1935,15,12,-1,-1,-1,-1,27,1009,83,2,1716418800,24,-1,15
1936,15,12,-1,-1,-1,-1,27,1009,83,2,1716422400,24,-1,15
1937,14,12,-1,-1,-1,-1,27,1008,83,1,1716426000,24,-1,14
1938,13,11,-1,-1,-1,-1,26,1008,88,1,1716429600,24,-1,13
1939,15,11,-1,-1,-1,-1,26,1008,88,1,1716433200,24,-1,15
1940,24,16,-1,-1,-1,-1,26,1008,94,2,1716436800,25,-1,24
1941,37,23,-1,-1,-1,-1,26,1009,94,2,1716440400,25,-1,37
1942,37,24,-1,-1,-1,-1,27,1009,91,2,1716444000,25,-1,37
1943,47,32,-1,-1,-1,-1,29,1010,79,2,1716447600,25,-1,47
1944,47,40,-1,-1,-1,-1,30,1010,74,2,1716454800,25,-1,47
1945,48,43,-1,-1,-1,-1,32,1009,70,2,1716458400,26,-1,48
1946,54,48,-1,-1,-1,-1,32,1008,62,1,1716462000,24,-1,54
1947,56,46,-1,-1,-1,-1,29,1007,83,3,1716465600,26,-1,56
1948,45,36,-1,-1,-1,-1,30,1006,77,4,1716469200,25,-1,45
1949,46,38,-1,-1,-1,-1,29,1006,65,2,1716476400,22,-1,46
1950,49,44,-1,-1,-1,-1,28,1006,78,2,1716480000,24,-1,49
1951,61,-1,3,1,4,0,24,1007,97,2,1717131600,24,12,61
1952,57,-1,3,1,5,0,26,1008,88,2,1717146000,24,12,57
1953,59,-1,3,1,5,0,27,1008,83,3,1717149600,24,12,59
1954,74,-1,3,1,5,0,28,1008,78,3,1717153200,24,12,74
1955,76,-1,4,1,4,0,28,1007,78,3,1717156800,24,12,76
1956,74,-1,3,1,4,0,28,1006,78,3,1717160400,24,12,74
1957,74,-1,3,1,4,0,29,1005,74,2,1717164000,24,12,74
1958,70,-1,3,1,4,0,29,1005,74,3,1717174800,24,12,70
1959,76,-1,3,1,5,0,29,1005,70,3,1717178400,23,-1,76
1960,87,-1,3,1,5,0,28,1005,74,2,1717182000,23,-1,87
1961,87,-1,3,1,5,0,28,1006,78,2,1717185600,24,-1,87
1962,97,-1,3,1,5,0,27,1007,88,2,1717189200,25,-1,97
1963,153,-1,3,1,5,0,27,1008,88,1,1717192800,25,-1,153
1964,124,-1,3,1,5,0,28,1008,86,1,1717196400,25,-1,124
1965,119,-1,5,1,5,0,27,1008,88,1,1717200000,25,-1,119
1966,109,-1,5,1,5,0,27,1007,88,1,1717203600,25,-1,109
1967,97,-1,5,1,5,0,27,1007,88,1,1717207200,25,-1,97
1968,91,-1,5,1,4,0,27,1007,88,1,1717210800,25,-1,91
1969,102,-1,5,1,4,0,27,1007,88,1,1717214400,25,-1,102
1970,137,-1,5,1,5,0,27,1007,88,1,1717218000,25,-1,137
1971,163,-1,3,1,5,0,27,1008,88,2,1717225200,25,-1,163
1972,155,-1,3,1,5,0,28,1009,83,1,1717228800,25,-1,155
1973,152,-1,3,1,5,0,29,1009,79,1,1717232400,25,-1,152
1974,158,-1,3,1,4,0,31,1009,66,2,1717236000,24,-1,158
1975,144,-1,3,1,4,0,32,1008,62,1,1717239600,24,-1,144
1976,99,-1,3,1,4,0,33,1008,52,3,1717243200,22,-1,99
